x,y,label
-0.0,0.0,0
9.72767837105597e-05,0.0025043771294875504,0
-0.0016371747671708125,0.004737629058836994,0
-0.0007396824631858144,0.007482324376007749,0
0.003322181249723779,0.009458593606534418,0
0.0016170590196578998,0.012426556627267162,0
-0.0009751166501779286,0.01500594483446888,0
-0.002725229573649023,0.017330901164077653,0
-0.0017206708030351775,0.019976156213494686,0
0.007113055543733212,0.02140549496645816,0
0.00614278767337536,0.024298208113660673,0
-7.905828339322348e-05,0.02756880894941059,0
0.0034539312958643785,0.029876199390648048,0
0.007078857430453307,0.03180315862283745,0
0.005062206286576412,0.034720629502712416,0
0.017609233308752432,0.03321479501113221,0
0.009420906114550766,0.038977899228848395,0
0.013180597780020582,0.0405165037064316,0
-0.004383612274051984,0.044899298871363,0
-0.002184085060336102,0.047568933860181704,0
0.005355916842143812,0.04983835055978268,0
0.011892469090437303,0.051270384057719595,0
0.026939860186559132,0.04810847993372627,0
0.005226474224617705,0.05740668442485793,0
0.020050728617124466,0.05671010498692156,0
0.007248823712905194,0.0622359164138569,0
0.01949070447692082,0.062179714719782335,0
-0.011509011647076841,0.06668327838561287,0
0.011846499701891245,0.06916829206379901,0
0.017359388276289932,0.07057819615791999,0
0.03496762498886164,0.06656197130533903,0
0.026188811852047654,0.07314738804313382,0
0.03034026524431877,0.07424007479897998,0
0.01988680524362469,0.08028028569402086,0
0.031347004547235116,0.07923778282892259,0
-2.688757420616368e-06,0.08771929820440635,0
0.032313408419707146,0.08424070286469593,0
0.05413997691026192,0.07528648694344557,0
0.06124211210906908,0.07293626319603104,0
0.059994422082025406,0.0771662452581061,0
0.04764347236912342,0.08820593895861872,0
0.06049875181281522,0.08305949632629425,0
0.052654902096400585,0.09114709921435113,0
-0.011988397593341494,0.10710054611140393,0
0.043626846679678664,0.10127895083583854,0
0.04404552357398603,0.10382562882677825,0
0.04257362076345319,0.10713944471105376,0
0.06967877149339936,0.09497583790603485,0
0.04863644442759133,0.11003075559252869,0
0.06547229015488105,0.10389871404349967,0
0.07699922777979794,0.0988662625453609,0
0.09469636903425495,0.08585123624978225,0
0.072136488409544,0.1085409829258075,0
0.031758457238612356,0.12897969578276894,0
0.06273458931835292,0.11992013660949681,0
0.07990391436218679,0.11232320061827022,0
0.09846353773135376,0.10001650096991953,0
0.08640655470676346,0.11376322151298816,0
0.05723121397702459,0.13362300955915984,0
0.06496112687839023,0.13283633741715728,0
0.07121918276390314,0.132441501396275,0
0.10012326098201416,0.11553484917152274,0
0.10214754962573758,0.11709592256127656,0
0.12257845950554007,0.09952521885274276,0
0.05197478888449295,0.151746838271601,0
0.07712154515749352,0.1434958023611555,0
0.10329238256397846,0.12919876500920047,0
0.08341573980732478,0.14573562850619623,0
0.09935635612541034,0.13846789586179226,0
0.02840851967455142,0.17058296238248122,0
0.07558491146301854,0.1583212629369144,0
0.07252156893079138,0.16249614151516545,0
0.07161661698558112,0.16563112540488195,0
0.10425398282557506,0.150347979352426,0
0.14996853943639366,0.1091155627939114,0
0.12737678030212798,0.1382311414758037,0
0.1598413369710243,0.10359501017731239,0
0.12216737198406073,0.14938996485865635,0
0.13208427895492153,0.1441165625655846,0
0.0795990561239926,0.18128983790298045,0
0.12042361718309842,0.1603087799603458,0
0.10432123694767921,0.17415261183748412,0
0.15215535308702993,0.13814725524058177,0
0.0971689945463149,0.18393076891318666,0
0.16638640637942062,0.1289840820102678,0
0.08860386034559133,0.19373238421249606,0
0.13273601804379018,0.16981797352090441,0
0.1673830339972427,0.139737579548142,0
0.21210561930950417,0.06044929107783855,0
0.17805968909549794,0.13434827767872953,0
0.19073086466692973,0.12041932841589541,0
0.15380567628600053,0.16840373768654365,0
0.16740698717120128,0.15855723205793662,0
0.22165433717989588,0.07208954850138663,0
0.13281084484340036,0.19458531142692478,0
0.2267033561812253,0.07276627446693014,0
0.10760052882869865,0.21520039453278944,0
0.15555041688477086,0.18683001729131285,0
0.23164071696143212,0.08166291984533185,0
0.16539355830484692,0.18495581774160127,0
0.25006191189706045,0.01681416105193852,0
0.22504547237931083,0.11589118188419616,0
0.25359159950204396,0.03229007521740754,0
0.23060348975227715,0.1160218046894157,0
0.21223875628821012,0.1513075743889796,0
0.21127806536134544,0.1568874012133986,0
0.2527425537973108,0.0818452663358305,0
0.24339424034615742,0.11258162009088318,0
0.2667722174003401,0.04580890163316301,0
0.18071668041744296,0.20486680948643127,0
0.2556485921244449,0.1031908186561026,0
0.26246006025275764,0.09223582122625947,0
0.23831629295102166,0.1483199899859806,0
0.21813100779553962,0.1806257070818393,0
0.24147992164247936,0.15270920242331992,0
0.1710806164415479,0.23195367838186026,0
0.2523740550894748,0.14432400515998697,0
0.26843874922350897,0.11800965515173603,0
0.284150938728435,0.0819756439109197,0
0.2810263318872552,0.09987315493745466,0
0.2841573182550067,0.09852061522723987,0
0.29055355511627345,0.08685697633782126,0
0.23980198127340463,0.18970209494991297,0
0.28431494019888415,0.11914623320811117,0
0.31020384623575825,0.01886482654619568,0
0.29717112909133037,0.0991750395105434,0
0.3090723112338226,0.06478655816088537,0
0.30648314314622954,0.08590844344145591,0
0.31794634701866215,-0.04270886134689856,0
0.3086756529842624,0.09616433404694369,0
0.30188752592444035,0.12255216759496661,0
0.3204975277201024,0.07124523671458179,0
0.3303355246274797,-0.01802747546583414,0
0.3284371099681578,0.05692254304645351,0
0.3250889722323945,0.0842935133191327,0
0.27561413342956576,0.19625181167956615,0
0.34037021354193875,0.018118843259464997,0
0.33532336546743396,0.0738459793651769,0
0.33351656456441015,0.09159184102464103,0
0.3363506903101131,0.09072219203987339,0
0.34693192167054404,0.05246947952125336,0
0.3382033313666636,0.10246158059260899,0
0.35079513077222,0.0600022674280052,0
0.35735312891622933,0.027320814114812707,0
0.3485083702242011,0.09376755307173064,0
0.3608407879758369,-0.04312399667004147,0
0.33801931711445105,-0.14013055547913691,0
0.3502016384748934,0.11442414269576463,0
0.3705127043614866,0.01753315045296598,0
0.37120992545791076,0.04069192635729874,0
0.37507398743075165,0.02550048015542663,0
0.3781079738361563,-0.015994445856660634,0
0.36627928183075137,0.10471009624117907,0
0.3829247640358585,-0.020227672952458628,0
0.3842861879685244,-0.03595885493824493,0
0.3768628944820231,0.0942561130988345,0
0.38823025849770826,0.04626691904427024,0
0.38717461417930354,0.070180108282121,0
0.39245009099266775,-0.052829786396734794,0
0.3983481958125389,0.010861338150831321,0
0.3872546115291416,-0.10410031642967098,0
0.39989795112095095,0.053860539484679316,0
0.4059639303937062,0.006441891937860657,0
0.3931607446796652,0.11096974388843409,0
0.4098747062436118,-0.03076341326793447,0
0.4114787803285762,-0.04117579006035061,0
0.4143939604550538,0.03697310583284465,0
0.418543219852421,0.0016228173164938825,0
0.35175776412826604,-0.2314126053935695,0
0.39328438793871107,-0.15725625468473725,0
0.40940718355428335,-0.11797152663819475,0
0.42833870420329795,-0.014121751633374218,0
0.4299611024730632,-0.03100691580309113,0
0.4187419755499147,-0.11247314432744412,0
0.40012231986982294,-0.1734266818409808,0
0.43857008909080497,0.004812387396920157,0
0.44046843387801493,-0.02364742892948447,0
0.4235247746258853,-0.13196867117437247,0
0.42783701544685904,-0.12638963010322368,0
0.4486080135848948,-0.0034855067562876924,0
0.4424129242837017,-0.088244625885452,0
0.45009105565763785,-0.056585553669271746,0
0.448105144087667,-0.0852396594346782,0
0.44241336771015516,-0.12094267624040023,0
0.4486920389681959,-0.10647739165200933,0
0.45731189984757126,-0.07645673064575381,0
0.41811371494173705,-0.2061337288092146,0
0.3797223859496544,-0.2747072123024258,0
0.46991804988064656,0.0344337352155478,0
0.46698802356777086,-0.0793657177010714,0
0.4715997407629148,-0.06596252062242632,0
0.4520634988170873,-0.15744574843258824,0
0.46550246804435075,-0.12191713041961572,0
0.4674131204141433,-0.12449753342094155,0
0.47453328864872046,-0.10594200385410533,0
0.4654725537680228,-0.148943962259083,0
0.3699559246595464,-0.3231681152861241,0
0.36227655161346345,-0.33545386350141726,0
0.43517808268095926,-0.23848432010288872,0
0.49110357546299493,-0.08698112253401337,0
0.33664307036334495,-0.371384095446096,0
0.4399166502771086,-0.24545238312606008,0
0.3804255699613979,-0.33403788471866097,0
0.4962640980793535,-0.1121196750570314,0
0.4619916621786917,-0.21901848611378263,0
0.48527865304418183,-0.16875752256353505,0
0.4490257407272307,-0.25481757938107774,0
0.4260545063750304,-0.2960200618287055,0
0.4496752370949037,-0.26372195224632616,0
0.49899228609404683,-0.15932079478899464,0
0.43799890631223115,-0.2918308899321605,0
0.3783150743032626,-0.3695002984506649,0
0.45637165920483347,-0.2720931700004719,0
0.4465567841832867,-0.29251735710446874,0
0.41641208835812155,-0.3380273396237529,0
0.39781293322099165,-0.3634571316091291,0
0.4518016948906744,-0.29822594500820754,0
0.4640183116586904,-0.2836729179696242,0
0.4553934094159755,-0.30188169123266384,0
0.49305475550182754,-0.2411590316579674,0
0.3866563223394326,-0.39308406128391227,0
0.2944356264231375,-0.4691438327803291,0
0.47957682018655784,-0.28209394413989913,0
0.5066996673576744,-0.23584226816473605,0
0.32529199489203425,-0.45755766600571235,0
0.4320110362669577,-0.36243716455147296,0
0.4840215344362578,-0.29419429750560977,0
0.3496577527267949,-0.4487895341408282,0
0.4686418326338392,-0.32696398112100145,0
0.33009215446662954,-0.46951077387876766,0
0.4425927175748832,-0.36931833328073715,0
0.464602036361211,-0.345434513635621,0
0.38743079848415907,-0.4335731829539596,0
0.5614740929565994,-0.16048678280114578,0
0.31785039036615775,-0.4928627522129619,0
0.4870803880225411,-0.3311211563361365,0
0.4052853334730644,-0.4308025617043959,0
0.34391172169143924,-0.4842962556614546,0
0.3394393145700058,-0.4904923413152449,0
0.3668584970917686,-0.4735111831959036,0
0.4530432365756604,-0.395674864457643,0
0.42782485767795225,-0.42637307786612294,0
0.4387736272246446,-0.4187358534555471,0
0.3380679935236072,-0.5065752717493458,0
0.41187826355273194,-0.45202189793961384,0
0.3644464815329699,-0.4941840254891743,0
0.568411189244363,-0.23881365198354093,0
0.20154745441224883,-0.5853192105752797,0
0.5070388366254418,-0.35950083414899403,0
0.2862416506429033,-0.5545419629969103,0
0.4330957895299539,-0.45278417684451144,0
0.25420622786408376,-0.575423003173929,0
0.5557035651726223,-0.3001424901833125,0
0.37303615637984205,-0.512745632277768,0
0.42761652054721094,-0.47158543457617624,0
0.34069180327061727,-0.5407171368020514,0
0.4125506245151447,-0.49138344283502755,0
0.3515221197670288,-0.5397316430995514,0
0.3319268658898368,-0.5549211721067796,0
0.23121012303187785,-0.6065495013582316,0
0.3606287944248289,-0.5427405650913816,0
0.3135290515717241,-0.5741015369195539,0
0.38672141710917285,-0.5306832781103354,0
0.4269157400662569,-0.5022139633459998,0
0.28440583674943365,-0.5974106751918554,0
0.4866321588087014,-0.4519935622030391,0
0.44076221255228787,-0.5001730864715296,0
0.31901280970715656,-0.5882374015709841,0
0.3599339283518712,-0.5670983267832657,0
0.31219652100515044,-0.5975444516365127,0
0.25517579781507416,-0.6267351982647934,0
0.28647105075304385,-0.6158281038369754,0
0.21401361729162188,-0.6472394229374007,0
0.44060170502045937,-0.5234636394768921,0
0.1856474923098805,-0.6611467015619805,0
0.1809605765551746,-0.6650426248904016,0
0.4293348951668226,-0.5423661166745314,0
0.01365671277932354,-0.6941012513977778,0
0.23930386520845207,-0.6543568385053617,0
0.32408588769382146,-0.619609773278184,0
0.4311059412471001,-0.5537209456417943,0
0.3713823909678578,-0.5983796329354829,0
0.09020544492124115,-0.700986770978412,0
0.47936905748214625,-0.5227559227700734,0
0.15164349017397227,-0.6954381607072333,0
0.2800286298855621,-0.6571058119337158,0
0.30251247258297936,-0.649828397696033,0
0.1556586104540909,-0.7022537740268331,0
-0.11996128442090735,-0.7117661432954231,0
0.29610122594163996,-0.6610220613494658,0
-0.13896625980006105,-0.7134082926771067,0
0.3390135409267525,-0.6457416720757532,0
0.24106270384874076,-0.6909871909802521,0
0.3012023321156194,-0.6697210467408625,0
0.3710540348014125,-0.6365965687515405,0
0.17067918331850668,-0.7193779465445177,0
-0.10891566694461684,-0.7338158347475776,0
0.08881122278414764,-0.7390437872781379,0
-0.036000688455288095,-0.7459990059961791,0
0.24698697494470678,-0.7075012206131354,0
0.1098861884662487,-0.7438064988461742,0
0.12765868269874348,-0.7435061834230124,0
0.06044927754201509,-0.7544744750829075,0
0.044078504027829514,-0.7581181712471714,0
0.40079860829223984,-0.6479655405993097,0
-0.04558237264404983,-0.7630507626449989,0
0.2112235422625144,-0.7372562308004145,0
-0.02585141547634365,-0.7689891529169763,0
-0.031258730916834745,-0.7712966652260776,0
-0.14098678842241755,-0.7614945720976546,0
-0.13606590450400943,-0.7649349606384721,0
-0.025587206915434344,-0.7790285286717796,0
0.18109456827104545,-0.7606958676020984,0
0.21466051613502998,-0.7545198229297367,0
0.01346868662239229,-0.7868521540506823,0
0.06981888446877232,-0.786380328742065,0
-0.1358904983926992,-0.7802345887296301,0
-0.5365675908359879,-0.5859211270689111,0
-0.049726286429842434,-0.7954396969802447,0
-0.05052659396644808,-0.797900563694701,0
0.05983942476318795,-0.7997695189049072,0
0.4658483123707988,-0.6559144354296661,0
0.2628515920956374,-0.7630113738536597,0
-0.16064395175604362,-0.7934244254811815,0
0.22049201242578229,-0.7815216666645964,0
-0.17379493939593882,-0.7957793473125195,0
-0.15571036178079536,-0.8020678924486555,0
0.048780661560862394,-0.818095838487114,0
-0.23608677617010895,-0.7874247162582135,0
-0.2350935921082445,-0.7903369604833105,0
-0.2994207483524551,-0.7709657222258345,0
0.026808715809242743,-0.8291406431467199,0
-0.00971977856780948,-0.832023428739118,0
-0.46063523498993736,-0.6959524048325704,0
-0.44123635088331375,-0.7113611771393461,0
-0.32788561918934933,-0.7729278732982144,0
-0.16924396312064202,-0.8249228783258746,0
0.13848000293337087,-0.8331818069345386,0
-0.1356778234638217,-0.8361818498121746,0
-0.2267949763339407,-0.8187948963544515,0
-0.24608528382323788,-0.8158235870936953,0
0.22858273858549302,-0.8235008409923337,0
-0.36229046602540393,-0.7768136815080666,0
-0.09582428921319255,-0.8542917065848533,0
-0.4318521266377518,-0.7462008138486174,0
-0.341325802007429,-0.7944409814555419,0
-0.3443912629573059,-0.7958485151887019,0
-0.308560599404202,-0.8130950407899428,0
-0.3823495434764934,-0.7839053297004963,0
-0.4924945160499859,-0.7228596019926853,0
-0.25289954107130835,-0.8399460402884343,0
-0.47372279857853805,-0.7412539897028146,0
-0.14774745816525306,-0.8697455128699496,0
-0.6023490193077518,-0.6479896539560921,0
-0.3728595560251021,-0.8050662153230068,0
-0.4589991666432866,-0.7621870598535989,0
-0.24947011647411174,-0.8566446535891155,0
-0.46235575749352414,-0.7660164294145967,0
-0.42666757425961555,-0.7893034749164284,0
-0.12133505095653228,-0.8915305605549945,0
-0.4090779250968491,-0.8041893368368769,0
-0.35545879348510867,-0.8320115085997913,0
-0.3242465165752916,-0.8473486469907464,0
-0.26381974604471387,-0.8706828734735688,0
-0.5894103267673579,-0.6963128215776809,0
-0.291709081324247,-0.8670299923484679,0
-0.5900430527041821,-0.7023361527180946,0
-0.4614178222919379,-0.7956913416434502,0
-0.3395439702706553,-0.8575300667140775,0
-0.6629923305297127,-0.6447623287929981,0
-0.2533809788910408,-0.8920298768254051,0
-0.46113831022022733,-0.8074188342096442,0
-0.2910554637029196,-0.8857355633310443,0
-0.2680804885181367,-0.8955742524342558,0
-0.40705339426016646,-0.8443459633055344,0
-0.5590164640104633,-0.7555249226936491,0
-0.52114858300432,-0.7851361520976389,0
-0.4784044067680987,-0.814796733099864,0
-0.7224682256010093,-0.6128185605908859,0
-0.48656726953242685,-0.8157905446161302,0
-0.664810343395861,-0.6819506476072349,0
-0.6668621212602939,-0.6834504447391601,0
-0.43044230757082486,-0.8551734926329754,0
-0.8085880899380269,-0.5172937556723008,0
-0.3745818209801595,-0.8865177929245015,0
-0.7693151814308421,-0.5824172568434864,0
-0.6513939410182968,-0.7152514085672194,0
-0.906665482789008,-0.34454585081023914,0
-0.6927973724809752,-0.6823884535578173,0
-0.5031929946731885,-0.8350446895744893,0
-0.5737898967748463,-0.7913034583382985,0
-0.51298850439296,-0.8349518257116311,0
-0.6741411116298793,-0.7146704340628435,0
-0.8605542312405394,-0.479163183432258,0
-0.6608660674664545,-0.7337236662526998,0
-0.8217693746152793,-0.5520375634976293,0
-0.8246252465785789,-0.552279042720679,0
-0.7476296811838934,-0.6565439228464044,0
-0.685152105317752,-0.7249554073306238,0
-0.9123514200331424,-0.409407970566657,0
-0.0,-0.0,1
-0.002346501325180768,-0.0008805107099145782,1
-0.00437325798107446,-0.0024495070827344105,1
-0.0033799381115313075,-0.006716273265462221,1
-0.009687902435326872,-0.002578066654137882,1
-0.0058309597326692405,-0.011092073660038695,1
-0.013594853471150997,-0.006427222724825336,1
-0.015489428479240352,-0.008237998347573113,1
-0.01879965059864051,-0.006969982958902811,1
-0.022036762703486923,-0.0048137161816529245,1
-0.023820864411207947,-0.007791224334967141,1
-0.024539723643690958,-0.012563735136994467,1
-0.024146954814630025,-0.01792878982548811,1
-0.02704909077379961,-0.018163089198173128,1
-0.027025662891934817,-0.022377702983192336,1
-0.027444714680190087,-0.02569232067129336,1
-0.029960454178435663,-0.026653354117921014,1
-0.040676684506457526,-0.012677640474239993,1
-0.03671120565409276,-0.02621927678506989,1
-0.033843155171830445,-0.03349947080418631,1
-0.03874123979112834,-0.031806656083059784,1
-0.04661170417652084,-0.024442424925804392,1
-0.047353550743384924,-0.028245763229177684,1
-0.05322356149046815,-0.022138110844111675,1
-0.050966321621129414,-0.031945293645806984,1
-0.05074381428119789,-0.03675486429424894,1
-0.06514392555868129,-0.0015727194426113326,1
-0.060885569872314166,-0.02953073562695729,1
-0.06948909811772232,-0.009790680517485472,1
-0.06409853039762,-0.034263807948011406,1
-0.07276121740279734,-0.018948246976364318,1
-0.06879996168326859,-0.03609653052767709,1
-0.07649716994380319,-0.02408948716437639,1
-0.08068321149133083,-0.018183197665885137,1
-0.08103709083169199,-0.026348640026839718,1
-0.08564808840648871,-0.018949412577103232,1
-0.07398908558860176,-0.05163591382554736,1
-0.08004203359066185,-0.04682376613217538,1
-0.09504574224541457,-0.006049931040823053,1
-0.08612231628291235,-0.046226688463012464,1
-0.09748090798342954,-0.023402151731948543,1
-0.10273089132778335,0.0023114644460749396,1
-0.09250717322940753,-0.050227037649822476,1
-0.09714814052012734,-0.04665283965310779,1
-0.10717106037151637,-0.025982522057436706,1
-0.11192618242086044,0.013867192826046516,1
-0.11513081004580192,0.006022489194739599,1
-0.10189920924186945,-0.05909392641096442,1
-0.1171721194063737,-0.027257390495780454,1
-0.0967483256279173,-0.07563944107548874,1
-0.1238108846224335,-0.019346415621088527,1
-0.11900079413197995,-0.046654561082983624,1
-0.13022549685961607,-0.005112524056357837,1
-0.12692906915653768,-0.03915830605947186,1
-0.13530650836186997,0.0029354141619181446,1
-0.13618140367481246,-0.02134858825987409,1
-0.1322834484426675,-0.04689837947046536,1
-0.14261599111565662,-0.008297128624112521,1
-0.14349276157224355,-0.023245384774241977,1
-0.14698342361358926,-0.01616520109814116,1
-0.1494241624130799,0.016892097939784377,1
-0.1517102523535927,0.01889359927510486,1
-0.15266565867642623,-0.028961588974224517,1
-0.15789463599285194,-0.00017845762089407024,1
-0.15884333146018456,0.02229972321902189,1
-0.16264471124104998,-0.009245319251739218,1
-0.1653752740911631,-0.003557512462178513,1
-0.16579296495746343,0.026641168035817193,1
-0.16898267809063222,0.022133643898582894,1
-0.17292588016724442,0.0014936578142938602,1
-0.17368858221336114,0.02471796001947638,1
-0.1733850004546648,0.04002518688071413,1
-0.17444809786553442,-0.04615702202746712,1
-0.18259983339948233,0.011432789372419835,1
-0.18541097589071678,0.004420280960439509,1
-0.18442042091996577,0.036356580993581966,1
-0.18535805332284855,-0.04385853630350679,1
-0.18304693523906856,-0.06112321880878559,1
-0.19500932552879888,-0.013682226045660675,1
-0.19797319151502002,-0.0029377719579046706,1
-0.19822208356248205,-0.03014561487155936,1
-0.20297168544929692,-0.003814130829287136,1
-0.2051816890135289,0.011678617088539093,1
-0.2075791748508061,-0.013536152422173467,1
-0.1914591968455466,0.08754830428481998,1
-0.20202455161644364,0.06759409223426356,1
-0.21006797139920277,0.04825393257644091,1
-0.21795531841149357,0.00625702678912871,1
-0.21714087214630384,0.03863615118026241,1
-0.21640978636069041,0.054051058855000556,1
-0.2255475442714657,0.0027171061519869455,1
-0.22806522532895074,-0.0015026377631042539,1
-0.22404051195762065,0.05451003754704594,1
-0.22405045618084507,0.06425683838275868,1
-0.23409816693364824,0.026461522432332574,1
-0.23028176408257098,0.06049505380316012,1
-0.24054808062909655,0.005069962222888162,1
-0.24089879715997572,0.03269796753584454,1
-0.23006954269803256,0.08598988170005571,1
-0.24688344901129813,0.02474361027596796,1
-0.21144773491944013,0.13454936339846404,1
-0.2448093251831105,0.06437876187325318,1
-0.25496043204531527,0.018615219225597782,1
-0.23537434396070128,0.10600918287764985,1
-0.2604815944853519,0.009413324206226446,1
-0.25660562492583316,0.05835778284641646,1
-0.24610298409226603,0.100053822228096,1
-0.24507646180773232,0.1088710488779001,1
-0.24620268686629654,0.11247270080044955,1
-0.2689643780292255,0.04782354610024024,1
-0.2578097959114975,0.09766604754058304,1
-0.27415766064199426,0.0472261268417467,1
-0.22240165088554573,0.17126289907257328,1
-0.21015594826651646,0.18984535819691092,1
-0.25106856394178306,0.13637165857110956,1
-0.2877391337442133,0.016651641030998848,1
-0.26622550708134735,0.11681635813106254,1
-0.27513930652825624,0.10141007246257078,1
-0.23866666067431785,0.17464245548385626,1
-0.2762496160358282,0.1124126146445496,1
-0.25881304047776416,0.15319106769419097,1
-0.26690967350425127,0.14396085898294786,1
-0.2076701366842393,0.2244214548134502,1
-0.24483839459913748,0.18730982525776307,1
-0.2834115509463222,0.12751549196186396,1
-0.2949494549192087,0.10559918309435763,1
-0.267276769895323,0.16818477922830363,1
-0.18900658881317112,0.25610288376458185,1
-0.3135478139145019,0.06783579298200199,1
-0.2448446567125576,0.21113818216339453,1
-0.20354388766311146,0.2544110805094603,1
-0.17419282554148588,0.27830093165328806,1
-0.2385663557234918,0.22920000571421434,1
-0.27781275903872227,0.1842041856918673,1
-0.2808585623363945,0.1841377316497925,1
-0.24105739616533473,0.237422104884173,1
-0.24696294311374883,0.23492441226113836,1
-0.2873961326000216,0.18787882015639554,1
-0.3386323404038726,0.07035980538436185,1
-0.2317676895444748,0.26008852547512595,1
-0.3025278897324673,0.17774048635375075,1
-0.29101924708584337,0.20046861767028215,1
-0.28420183501553054,0.2142120744584814,1
-0.2647181928577107,0.24160290561221165,1
-0.29089598484472334,0.21361171345833807,1
-0.2917445708338381,0.21668146839266217,1
-0.3030685245433428,0.20504414342412342,1
-0.25747988662553073,0.2635112521420376,1
-0.3415155705442533,0.14475562349664303,1
-0.2018035450288761,0.314210074381637,1
-0.2293665198886527,0.29786199839779703,1
-0.18224726511150785,0.3316736295458548,1
-0.22563343905339028,0.30694342757946125,1
-0.35406335388348703,0.14724019526530843,1
-0.3006092932641854,0.2420804955279478,1
-0.24780762855510577,0.2991675706418787,1
-0.35276014411782713,0.16859312599574222,1
-0.2523941654922267,0.3018718514351168,1
-0.25393151027954,0.3038533335970328,1
-0.276534554967712,0.2869283772692081,1
-0.23880069277027277,0.32214474877573557,1
-0.3233245112306859,0.2414137308890139,1
-0.08673637578731509,0.3966421710657184,1
-0.30692904053493486,0.2696001099629558,1
-0.3219490770351873,0.25552388187872344,1
-0.2137382329606941,0.3540144066540609,1
-0.22897861757787447,0.347358831338253,1
-0.2797793263435245,0.31129501918796953,1
-0.2146684116038884,0.3622192590393563,1
-0.10636103368522451,0.40998715827109516,1
-0.21967081689991608,0.36507020591349343,1
-0.251363101155741,0.3471167826036704,1
-0.22893995716711343,0.3652594618621018,1
-0.3672797598569223,0.23043573568739056,1
-0.21982806219295215,0.37663020046840806,1
0.005583160126091196,0.4385609540766039,1
-0.10065915288198321,0.4294640579594616,1
-0.17741807919618635,0.4065855261415147,1
-0.25862582277279533,0.3634990153758333,1
-0.07290579645409499,0.44265793052121793,1
-0.21753252164706563,0.39521628457945496,1
-0.21809488232570623,0.39776689853531205,1
-0.14110497311471315,0.4337665342792881,1
-0.1562496417151101,0.4312108165720463,1
-0.2489900812910393,0.3881570818433358,1
-0.11474893921877174,0.4492354464547505,1
-0.1700888854780087,0.4340276072003022,1
-0.20586303105814388,0.4210386625071645,1
-0.21478804010803987,0.41937424044768346,1
-0.170685103297936,0.4418634707849382,1
-0.03896054588650518,0.4745939796065032,1
-0.23345569287856052,0.41791028956563847,1
0.028449667849652374,0.48036127117449823,1
0.021821262213538355,0.4832168182902918,1
-0.21972275661292176,0.433736625664483,1
0.008424410395860104,0.48864919064114093,1
-0.192655534917028,0.45187261677835644,1
-0.27552224215172605,0.40970854087589575,1
-0.16072217341609624,0.46949240414858595,1
0.094104038281674,0.489788594690501,1
-0.06995163581524029,0.4963481357079394,1
-0.044764562078289036,0.5017665448744396,1
-0.04076315154055574,0.5046219259844479,1
0.011014320392408754,0.5086526922406898,1
-0.12888683497032005,0.49476618412492285,1
0.04101635791403731,0.5121446386575037,1
-0.08744315006009339,0.5088318092502061,1
-0.1093036418968153,0.5071518838332696,1
-0.15457547900224958,0.49785892403792104,1
0.010269476781467493,0.5237088457150546,1
0.04886805293871415,0.5240421964415523,1
0.0414383112613082,0.5271960094310507,1
-0.028351304735723677,0.530571378804078,1
-0.25421419515349614,0.4694193313978046,1
-0.028007590331742993,0.5356090781042581,1
-0.2290089832722542,0.48776131656378136,1
-0.044377855942324684,0.5395313630217309,1
0.01769905440435064,0.5435715789269842,1
0.030994767773932685,0.545486055927775,1
-0.19484088827564677,0.5131254220257776,1
-0.004234452093487513,0.5513621860954718,1
0.129863515289373,0.5384456716695656,1
0.012286278586906134,0.5562553075154785,1
0.07700989552912547,0.553566260120736,1
-0.045047253682093925,0.5595932849821693,1
0.07157836901405175,0.5593485235466795,1
-0.06337063250732412,0.562859923443187,1
-0.20550474767508325,0.5305095556908418,1
0.009396329313934035,0.5713513115766183,1
0.10889117673293175,0.5635103449435316,1
-0.09257132880853877,0.5689594836455434,1
0.10503087940219065,0.5693404691163843,1
-0.05621943991916832,0.5787293868174277,1
0.05963325397750421,0.5809070833923035,1
0.19125945746307166,0.5544027264595529,1
0.05612206315490868,0.5862924514240361,1
0.16291766351698225,0.5685990534758303,1
0.11815062040931242,0.58211559544593,1
0.15903622543491414,0.5748993513338497,1
0.21143001515531362,0.5604420988750217,1
-0.16824185446390497,0.5774958449868451,1
0.09466955024861433,0.5965448739465591,1
0.2122291470374659,0.5681732130827416,1
0.06372048902610322,0.605679926587695,1
0.06302951332792123,0.608271962738535,1
0.24151779950934213,0.5645425063452808,1
0.1999455389067588,0.5832195314829508,1
0.21464458552224247,0.5806441737884837,1
0.16684736413120457,0.5987413370419427,1
0.0366124219486326,0.6229852340515751,1
0.11048309958260329,0.6167486995656792,1
-0.025209217119745456,0.6285673665079977,1
0.07337582876499446,0.627302123790485,1
-0.058893040349376875,0.6313443332960079,1
0.1743235799151793,0.6122581156953826,1
0.09051338900945402,0.6326557146325452,1
0.23228847059546148,0.5980783996339126,1
0.1362403573082029,0.6295368236163632,1
0.18408068856263507,0.6198606711593485,1
0.10680925538760434,0.6402750983396754,1
0.052307289905700695,0.6495262856780615,1
0.02965934445421583,0.6534625958380517,1
0.18286939009207243,0.6306639218190715,1
0.2962476005817962,0.5888236350941982,1
0.3152739908019187,0.5817117031091653,1
0.35247600286159464,0.5629118098481528,1
0.3427547963142794,0.5718073049970603,1
0.22216217175441447,0.6312181736971771,1
0.3230502918990295,0.588890018529047,1
0.18666883439764376,0.6478277438285004,1
0.313374145595447,0.5997569019251825,1
0.47008909150332884,0.49023072368485066,1
0.17119226294486495,0.6598590062266335,1
0.42857365968091865,0.5333560373231314,1
0.36766213916893314,0.5800038825809338,1
0.34634158278668753,0.5958824810489973,1
0.045803690163369354,0.6902111841255081,1
0.23191949203704101,0.6543518947853509,1
0.04424221708652396,0.6953357737307251,1
0.2852390985828675,0.6384250859605753,1
0.49326676238052236,0.4991463907027961,1
0.3928620787927126,0.5845018840685413,1
0.5232313798287802,0.475129875447388,1
0.5070480043185857,0.49595440252008216,1
0.12169859083184548,0.7012983933173854,1
0.5128495999754281,0.49718142507307755,1
0.3928124482413521,0.5995741180430462,1
0.5795834747680529,0.4259964341625626,1
0.4436555834439038,0.5693605850255213,1
0.3686336823051355,0.6234864151406954,1
0.49965397420455754,0.5278341780188867,1
0.19391820710041696,0.7030705632735909,1
0.5518661122069527,0.48064365124614744,1
0.4923206562699401,0.544857317771818,1
0.5140671754134352,0.5278931968221366,1
0.5661931341293627,0.47545909230726563,1
0.47141452043894183,0.5728146748745159,1
0.29059048557904577,0.6852957919743585,1
0.5558931193156812,0.4987919470220263,1
0.43721641614198087,0.608606891529644,1
0.6696339143310241,0.3419261658884186,1
0.5503195943231667,0.5159908217794362,1
0.4017903197348609,0.6414439863887873,1
0.6725055687409722,0.35273550445747365,1
0.45540446669386087,0.610823737201193,1
0.3915842725622891,0.6564952220319951,1
0.44626097685982613,0.6237092874024498,1
0.291275199392467,0.7121596528904021,1
0.5698709638661553,0.5206944772029545,1
0.7138366932455629,0.3003138911540685,1
0.6224419506014002,0.4649789699620823,1
0.7508162929499238,0.20932044306083714,1
0.6473733282907489,0.4385900357531436,1
0.6462714124303489,0.4446488073261422,1
0.6556591719022558,0.43523415324854653,1
0.7219388739218845,0.31948859194240925,1
0.6068543166254432,0.5088812036188579,1
0.6401058049374907,0.47060907892492504,1
0.6985707753077349,0.38366116167795294,1
0.6675599481842376,0.43995677267480493,1
0.6663018229219274,0.4463786743296464,1
0.4438503867811187,0.6709957011024662,1
0.6456656523319911,0.48414169568006127,1
0.5737890518555626,0.5710472153479391,1
0.7946707073616963,0.1670069156383685,1
0.6781338369503335,0.45122494362767257,1
0.7573846624101606,0.3064752747103446,1
0.7380667240613362,0.35625533641703794,1
0.807268612355096,0.15521609827270205,1
0.4602237889291003,0.6841751035079386,1
0.7124075162553203,0.4201386201887092,1
0.6372412089778582,0.5311464533831839,1
0.8198808927469078,0.14196049371123973,1
0.7590210615875669,0.3470181516476565,1
0.6178024371139536,0.5648401458624894,1
0.7485873171254621,0.38018877578301347,1
0.44149219562948055,0.7170954716329532,1
0.40722525886446453,0.7399569062870479,1
0.6340201019820404,0.5618069668648416,1
0.6767889482057969,0.513631933560308,1
0.7956697794188261,0.30501753112302327,1
0.7166721564520369,0.4656014644099735,1
0.6587240137003129,0.5484309904861052,1
0.7621815528128248,0.39758759398993554,1
0.7922960366019827,0.33996897542963744,1
0.7604976407280217,0.4114402928483938,1
0.8431136610254192,0.2028288828586908,1
0.8506009734873646,0.18113854577153546,1
0.8668992146599489,0.09583574986136685,1
0.8376463668650294,0.2518440323099792,1
0.8748389569077882,0.06422093075307622,1
0.7662470433143487,0.43212988296974,1
0.8552829330759448,0.21628146693767816,1
0.6351661999661117,0.6158561772977158,1
0.8644737114712494,0.19960225887717142,1
0.8774589519307125,0.1472247834576798,1
0.8662839283187562,0.21360607920432972,1
0.8919689850189664,0.07032315681717705,1
0.8869282272644438,0.13565955226700557,1
0.8701798094883979,0.22877070212958345,1
0.812119634083125,0.39309914553502917,1
0.846332609313451,0.3198675018207934,1
0.8787766648005536,0.22558170686089557,1
0.9059776957114236,-0.08302975031100002,1
0.8811279770221678,-0.23636744044452704,1
0.9105234218176612,0.08821731168131267,1
0.8854735485164715,0.23950672294733785,1
0.9175064058296737,0.0649084983380623,1
0.9211016915046776,0.047112598877916044,1
0.9011249713667637,0.20796893265831667,1
0.9247718743388897,0.0686746098981724,1
0.8448347207361606,0.388365819335174,1
0.9086871074756454,0.20863487677813833,1
0.919965030018865,0.16608652410622604,1
0.9299994307605527,0.11710521044821659,1
0.8412213255211916,0.41912289049200785,1
0.9408756956304326,0.05279723733347105,1
0.9401008935353918,-0.09473543507740444,1
0.9456260085318384,0.05743150003177348,1
0.940613787960733,0.1323163722427604,1
0.9442501216456533,-0.1241820688755786,1
0.9306536801830547,0.21375997461562118,1
0.9566810895138034,0.036926624753154676,1
0.9561248781464426,0.08504555389102302,1
0.9278490006614988,0.25558084778010953,1
0.9649111812764033,0.001456604557559774,1
0.9674017260244179,0.005704764475133521,1
0.9103749901922089,0.3346214551162436,1
0.9699018070610734,-0.07009055232509284,1
0.9488478369557275,0.22403259981342885,1
0.9758567265719751,0.05567457250190112,1
0.9517589879953285,0.23335934879198647,1
0.9638520508415249,-0.1902873926505088,1
0.9822977254120117,0.07240248554655915,1
0.9865495631362524,0.042595035198354426,1
0.9897066496561677,0.02304613187391951,1
0.9795577603412421,-0.1596418882326983,1
0.9892710952655704,-0.10650240788702431,1
0.9788572309408965,-0.19191735584354777,1
0.98680450915176,-0.16191621511681326,1
0.0,0.0,2
0.002411168183931498,-0.0006838388466194769,2
0.0050038751622094495,-0.0002944548835065433,2
0.0070574469761863,-0.0025932123693332997,2
0.009606250521654163,-0.0028673737434818506,2
0.012239362637979097,-0.0026892734520267223,2
0.013921275518086454,-0.005685711987614591,2
0.014795280782598494,-0.009427973162466635,2
0.019961619907374935,-0.00188182245492306,2
0.022440813642632937,-0.002280494898902165,2
0.02503120596800512,-0.0012551835412569368,2
0.02708270912743954,-0.005154836895555218,2
0.029957498395338674,-0.002658048404297956,2
0.028006380301925718,-0.016649137614121384,2
0.034175572372126026,-0.007948477753007418,2
0.03539542089140516,-0.012667749810992024,2
0.03827981250694318,-0.01194512682003489,2
0.04210614851246224,-0.0065105674006528235,2
0.044981332745571374,-0.003441336970043179,2
0.044483541586052944,-0.01699377015576657,2
0.049588828601470854,-0.00731403511570024,2
0.0510633269031301,-0.012752244825015874,2
0.04989913761907595,-0.02345757816309297,2
0.04971749030758769,-0.029172154651152252,2
0.05960406958526647,-0.008088424727964822,2
0.0574510677715377,-0.025004590558606248,2
0.05167813517074276,-0.03969351116888777,2
0.05756159384485346,-0.035577800373067237,2
0.06869114873902622,-0.01435681953368806,2
0.07051812379207349,-0.017601828060705038,2
0.07024363105815584,-0.0268153522665678,2
0.07019831345063124,-0.033295510695012236,2
0.06342932523766547,-0.04907994601818766,2
0.06876632237308722,-0.04595217297573765,2
0.07391985195605204,-0.04239240979849137,2
0.08271400885045438,-0.02920732826860306,2
0.07872486780832953,-0.04408001328717848,2
0.08384412924592746,-0.039615075503165544,2
0.07706576649629793,-0.05595679064169585,2
0.08440876479166744,-0.04928610873801423,2
0.084155961784332,-0.05447900717811452,2
0.08895965414899955,-0.05143110765457701,2
0.10267934978119715,-0.023179377439501426,2
0.08106331572684411,-0.07101399508256794,2
0.09499444953192387,-0.05600698341945547,2
0.08564793305666107,-0.07337711435661795,2
0.09187974291390906,-0.06963825557821834,2
0.06846945940898792,-0.09585131251591564,2
0.10373274689492384,-0.06092444603321913,2
0.11845617773677386,-0.03239903569570695,2
0.06944439210735974,-0.1043115302984896,2
0.07554869107439446,-0.10310301814609228,2
0.10134469970163032,-0.0819394274873036,2
0.130467589303859,-0.024951346088577634,2
0.12655634563313978,-0.04795789029313152,2
0.08700410730585578,-0.10691782938052471,2
0.13646377780570718,-0.03280253154612044,2
0.0927841762697026,-0.1086243982688,2
0.09186024269651667,-0.11265973703443637,2
0.11842048401272515,-0.08855523423212815,2
0.1406477862419861,-0.05320830302580921,2
0.10761451393067102,-0.1085913677702995,2
0.10935836794032988,-0.11039168599331395,2
0.07686477361122013,-0.13792227702635113,2
0.0794825764027721,-0.13932337080831964,2
0.10475837335056286,-0.12475760993099856,2
0.1378151762112374,-0.09148013107506715,2
0.14077378803707416,-0.09154124570592351,2
0.06498469197190393,-0.15755009836946557,2
0.13638519636293564,-0.1063234182027923,2
0.07929137911122773,-0.15649785409855144,2
0.1211913491081685,-0.1302959357341672,2
0.10205767829063912,-0.14881814349490982,2
0.10110843962306269,-0.15248111774033632,2
0.11406474697639735,-0.14623953761458502,2
0.13119890463571715,-0.1346088409289235,2
0.05205792050361497,-0.18322432166926228,2
0.09375550118896521,-0.1686776048406201,2
0.13708920807087377,-0.1393642327975951,2
0.14768472814711966,-0.13187583605358041,2
0.1269275256327209,-0.15521003751236895,2
0.164659347274151,-0.1187406924493949,2
0.14535164650618487,-0.14528872792300948,2
0.08860598626287282,-0.188205527157205,2
0.056491948430309545,-0.20280529924643595,2
0.09705493750586032,-0.18963971067931099,2
0.11856867093094299,-0.1799957357565388,2
0.046673293374258,-0.2129912554395036,2
0.16752508415898187,-0.1434512346130475,2
0.1471475543153276,-0.1676374357207963,2
0.13273884377068076,-0.1823718090801118,2
0.06673869142397856,-0.21808702848085015,2
0.12664200819988927,-0.1926844491667978,2
0.05976652498896798,-0.2252898370644708,2
0.1335861020326633,-0.19405390301369863,2
0.13185469589462337,-0.19825156134105099,2
0.14384684690802274,-0.19286567409962746,2
0.08919578322547914,-0.22615370836864826,2
0.09584226365094838,-0.22614268666117307,2
0.05870790802475812,-0.24107481241423745,2
0.1358076239150296,-0.2106417932890993,2
0.11533101468641173,-0.2253330595548413,2
0.07731634801454927,-0.24366684350818846,2
0.03081585463998592,-0.2562994571826573,2
0.07434967785409671,-0.2498227314341809,2
0.058503564492645876,-0.2565724274040016,2
0.10041549275658702,-0.24595563611355076,2
0.09461423176292735,-0.25092533663199906,2
0.05222790789738796,-0.265590129865914,2
0.09116128323176767,-0.25752387976610513,2
0.0647452415090187,-0.2679787331339304,2
0.09063376852462393,-0.263017584864945,2
0.09470101001937532,-0.26424457159356884,2
0.08375885736375423,-0.2705387891483039,2
0.020299373594981004,-0.2849922604087274,2
0.17117432817533948,-0.23188453077041743,2
0.0023619957959404797,-0.2907172219246482,2
0.17078589967716037,-0.2383648826173363,2
0.18091648632090285,-0.2339465476388982,2
0.0861250869216326,-0.28553969197627804,2
0.11016936572634344,-0.2798471082539289,2
0.10497969402304999,-0.2845079376257911,2
-0.0891176313286556,-0.29248918413747527,2
0.16594758022262354,-0.2597926302384897,2
0.11599346278101134,-0.28831896311575855,2
0.04608523958297861,-0.309875005639231,2
0.0496814955015397,-0.3118569234352208,2
0.173717238150096,-0.2667105150848555,2
0.019960409782590883,-0.3201804311031066,2
0.07386669505498167,-0.31475696854812807,2
0.008070760964969326,-0.32571456047964875,2
0.04011135296942811,-0.3258613637609966,2
0.16265846972953377,-0.2880777168193157,2
0.0428275517278329,-0.3305705853885232,2
0.010415154530133145,-0.33567806125946154,2
-0.058176446151333695,-0.3333068034811821,2
0.040042988128922145,-0.33849185196892556,2
-0.03094103519819573,-0.3419614604566901,2
-0.029002888774599063,-0.3446464806491686,2
-0.0719628747213735,-0.3408572247473202,2
-0.016154144716286314,-0.35050513286360446,2
0.10036514401752035,-0.3388313838937995,2
-0.01945793554043795,-0.35535740405189953,2
-0.011892440560950165,-0.35819862574781,2
-0.0694801437360255,-0.35415102393161296,2
-0.1402882094123411,-0.3352386786391149,2
0.04763198177220301,-0.36280135836827265,2
-0.013453941544230104,-0.3681753162273173,2
-0.008172858539255567,-0.3708372686790879,2
-0.06005625507071479,-0.36857277145228284,2
0.08820040178493548,-0.36544693138722195,2
-0.05781355666077445,-0.3740040839923764,2
-0.25114551924422074,-0.28644483712721847,2
-0.07174938152241561,-0.3766862884631459,2
0.013574009669257802,-0.3857261460846914,2
-0.021050849929685086,-0.3879003967658536,2
-0.07864098981532226,-0.3829868876762138,2
-0.01643335751510445,-0.3931404001424472,2
0.009001325119660359,-0.3958876562826479,2
-0.07411120667185225,-0.39154410073345963,2
-0.1335467259209042,-0.378111467727641,2
-0.07479142204899686,-0.3965167994072937,2
-0.059634489907499984,-0.40161167608265236,2
-0.160585960872217,-0.37563520120787447,2
-0.15701237847592048,-0.37985625625954234,2
-0.009422518273033574,-0.4134264729032009,2
0.05674812553164745,-0.41215168963040266,2
-0.0720795608534897,-0.4122930963861059,2
0.011328333122129488,-0.4209002107723763,2
-0.04746589138390598,-0.42089087491763083,2
-0.15468393616224357,-0.39699421020532766,2
0.029308138706772374,-0.4275681260258998,2
-0.24206749846189085,-0.3566949742509339,2
-0.16641877320474607,-0.40037462732717555,2
-0.020062279237656366,-0.4356284997382196,2
-0.23957919721749976,-0.3673808519482105,2
0.02831079216991583,-0.4401932997952582,2
-0.0729870151654854,-0.4375635502537543,2
-0.06086542486447521,-0.4419437186341407,2
-0.14186278078916442,-0.4256010456245365,2
-0.10990853235607985,-0.4375344833110326,2
-0.1605321706411298,-0.424279749052806,2
-0.1260808967497718,-0.4383692817398843,2
-0.13212827722254444,-0.43920250138521943,2
-0.12518596354945197,-0.44383606804387554,2
-0.16048584624396076,-0.43499896385921677,2
-0.16946432631233627,-0.4342718444507737,2
-0.16414832181802794,-0.4389857302083901,2
-0.18020923284933446,-0.4353542099490697,2
-0.26564860535808166,-0.39218305645864565,2
-0.2474224125647113,-0.4068654806876227,2
-0.10438122038016508,-0.4671778371179352,2
-0.2812589699682798,-0.3904481095581302,2
-0.33577745187372454,-0.3481783505279636,2
-0.28380131310474727,-0.3947940791050624,2
-0.27601507427761846,-0.40331709730221055,2
-0.30419300646943587,-0.38570925804726464,2
-0.20831200693013183,-0.4476379141177729,2
-0.06270796214104706,-0.4922625783714723,2
-0.23070552021223642,-0.4421802804890964,2
-0.23759604678498625,-0.44136472641809704,2
-0.39656377967694634,-0.31066171347887145,2
-0.2526930194292213,-0.4386925582221735,2
-0.33667346081121236,-0.38144443548544454,2
-0.27986639006007086,-0.4278787175087677,2
-0.3614781494355797,-0.3651137083194579,2
-0.2481956220015029,-0.4527196128030651,2
-0.21849798034035214,-0.4705411267835454,2
-0.34521999321612024,-0.39061521122049675,2
-0.4036072154191295,-0.3338826633642071,2
-0.3225230101382404,-0.41591732132802056,2
-0.31000123129301865,-0.4284296938787342,2
-0.3089371808601247,-0.43228185570120436,2
-0.3455741532010437,-0.4068880317075981,2
-0.30113085221176855,-0.4438262267037607,2
-0.40447340261262305,-0.3560301713821342,2
-0.4045698546749638,-0.3597036536795298,2
-0.44469462546742944,-0.31309744174037146,2
-0.47480573307857227,-0.27032430278596725,2
-0.42474587107472406,-0.34763718943483213,2
-0.4232149623263588,-0.35342224958766877,2
-0.4710548022201671,-0.2913685762883878,2
-0.3443856562762193,-0.43700050289656683,2
-0.3470141755777829,-0.4381178954363047,2
-0.3504887537122454,-0.438556191590851,2
-0.3926429588699404,-0.40475392592836,2
-0.3666777466093523,-0.4317112004851581,2
-0.48996424631407887,-0.2891498354316852,2
-0.40790270589203936,-0.4001824518527147,2
-0.3729544185205836,-0.4362409872245316,2
-0.3879717329237764,-0.42633587627562364,2
-0.4178682112423058,-0.4007071417317363,2
-0.4915609185826461,-0.3105739717250721,2
-0.42982437036170873,-0.3952975779820297,2
-0.5185516663543471,-0.2739465869398345,2
-0.5609576356528654,-0.17948553025889438,2
-0.5677878230279274,-0.1657227706763611,2
-0.5520228041826729,-0.2192919497536864,2
-0.4115993970409802,-0.4317264429244143,2
-0.49879681051265606,-0.3316620860490647,2
-0.4555122044010113,-0.3928299940333671,2
-0.42730215707705854,-0.42689691605056573,2
-0.39949209098591465,-0.45636397771594384,2
-0.4418149836883011,-0.4191753742546282,2
-0.4545838820731804,-0.4090488899427808,2
-0.5244016824874115,-0.3194400794434198,2
-0.5040766454348099,-0.35500700832391424,2
-0.4378490664286229,-0.43761644127718685,2
-0.5544492044875021,-0.28091869151674476,2
-0.5350019680073946,-0.32128486661443506,2
-0.44468363348199297,-0.4414090391265096,2
-0.5353923832878957,-0.330283870002604,2
-0.5398359506793742,-0.32782482077033,2
-0.5966520880319008,-0.21464003175956475,2
-0.5637354993094266,-0.2957211483266894,2
-0.5442719476586314,-0.3349835426391469,2
-0.6415855551824107,-0.0048663190933676435,2
-0.530753538017133,-0.36493660974303843,2
-0.567473452890299,-0.30997876026685023,2
-0.5930297922280844,-0.2639622778357746,2
-0.5993736840699747,-0.255678773480326,2
-0.5942075647816686,-0.27351491884191215,2
-0.5681373480656606,-0.32923874293554345,2
-0.5955901799566993,-0.2823973293697439,2
-0.5422617323449979,-0.3791284854037427,2
-0.550890265382264,-0.3709837648292287,2
-0.613831423291895,-0.26010657089718203,2
-0.669112795708517,0.008971063669943114,2
-0.4113734816853238,-0.5309659156530522,2
-0.629544433326974,-0.24124644220447952,2
-0.6596027046947759,-0.15111574535403544,2
-0.6532019349421261,-0.18611058159830698,2
-0.6318503311703768,-0.2559020476480585,2
-0.6352399853870204,-0.25419324398344584,2
-0.6155045095520946,-0.3045228252664638,2
-0.6233551728568351,0.29403528982236443,2
-0.6081181890472163,-0.3296691142258433,2
-0.6274828318417456,-0.29703257184989296,2
-0.6918650101238963,-0.0822922825585605,2
-0.6688280303122274,-0.20400245001666323,2
-0.688037987461698,-0.1380686279740891,2
-0.6907001559311511,-0.13753675883082891,2
-0.7020552018299355,-0.08147373174040991,2
-0.7074575371183113,-0.05071766198283704,2
-0.6870145348915475,-0.18612096154854202,2
-0.7109789358767147,0.06865154311643162,2
-0.7026767906163742,-0.1415488270863933,2
-0.594639266267762,-0.40471484919133666,2
-0.7187365129389853,0.06647990275160075,2
-0.6906072869216582,-0.21837508293197186,2
-0.7192755757717134,-0.10443016576426856,2
-0.7172407394021173,-0.13220518041585447,2
-0.72498480376093,0.09985769675578783,2
-0.7278121246374585,0.09766594365628731,2
-0.7362090319931752,0.03053767018478009,2
-0.7151340512924538,-0.18766806407836556,2
-0.7394370274884933,0.05984299634256313,2
-0.7437002571870809,0.0313541108421005,2
-0.7459063706041126,-0.037871530319517295,2
-0.7420660835542192,-0.10439574033415429,2
-0.748686690770519,0.06921937015412034,2
-0.7297266301199995,0.19130402335116228,2
-0.7522042110448433,-0.0841110788979988,2
-0.7579360665121021,0.04710621161427933,2
-0.7536825217439038,0.11163119022433618,2
-0.7628989292244668,-0.048056662983791,2
-0.7406741181697886,0.19890697658293488,2
-0.7526330664120048,0.1598626921122067,2
-0.7558661506035514,0.15665891745817853,2
-0.7588121306104436,0.15477534778606258,2
-0.77534237697832,-0.04983595927724934,2
-0.7774464888591559,0.05583108993044387,2
-0.77294135723299,-0.11838540418062087,2
-0.7840390549804201,-0.02573053918379054,2
-0.7360513245314508,0.2784711214992101,2
-0.7819200257890582,-0.10894848016829062,2
-0.7854437412369276,0.10153999387063985,2
-0.7933582563708511,0.04232048829399387,2
-0.726119215740834,0.3285542567461914,2
-0.7986568453376723,0.036680916529569556,2
-0.7861759412515147,0.15855418481601455,2
-0.8028564765546546,0.05157397403714576,2
-0.8069256422284048,-0.012178834572201305,2
-0.7820371465458709,0.20915711703963888,2
-0.7660785796175483,0.26928879081933527,2
-0.7472162434026123,0.3242488799734947,2
-0.8167961147136735,0.020068080415963214,2
-0.7859628751414084,0.23221264563261906,2
-0.7932580667750321,0.21567635279061506,2
-0.7160777561303079,0.40882044387694083,2
-0.7554241703824847,0.3367124176401603,2
-0.7838616787958843,0.2715764751895767,2
-0.8118388627302765,0.18241469520577755,2
-0.8210862509895602,0.14950564518566403,2
-0.7757480888595626,0.3145459335496725,2
-0.7898015755033333,0.28485074675158634,2
-0.8167381936406157,0.20513409586631637,2
-0.6500311752324602,0.5392848095812041,2
-0.7866558192485344,0.3142947339323506,2
-0.7671473561800942,0.36516568498737856,2
-0.7154115577626379,0.4629388676622687,2
-0.8246407698756674,0.22443552337629466,2
-0.6841059343819977,0.5164232257503085,2
-0.7997692730135768,0.31522329274057387,2
-0.8018912322647832,0.31667391033483494,2
-0.8230309299666277,0.2650657738191166,2
-0.8384105794088442,-0.2214676081613653,2
-0.727216304677695,0.47695873518869203,2
-0.7871802322309186,0.3755609422109861,2
-0.7397466389845134,0.46674592943425774,2
-0.6807825944032139,0.5531750063297578,2
-0.857534883406509,0.19622612181972002,2
-0.7000451730450736,0.5368643443627058,2
-0.6834389039478188,0.5618061919076278,2
-0.6898225299266877,0.5579433096465002,2
-0.7131422717008923,0.5320126403580988,2
-0.6566120012441216,0.6040993969195899,2
-0.8377444041457557,0.314226558303036,2
-0.7617509948210497,0.47411034193410545,2
-0.8569579751357924,0.27417506058226665,2
-0.6449112255781043,0.6309950470542749,2
-0.7005371577450412,0.5725747068522056,2
-0.6474281528186921,0.6355881685541634,2
-0.5256387616989405,0.742558695836829,2
-0.69481332223542,0.5911772374150187,2
-0.789311912843756,0.4624088018212361,2
-0.6031147465371667,0.6911436015537827,2
-0.735132060132626,0.5528218266857318,2
-0.5893010396841065,0.7094872850820096,2
-0.8990096778834642,0.21693061112636963,2
-0.6518646407867662,0.6595390145433928,2
-0.8456397737891704,0.3866097360065161,2
-0.7722763923678857,0.5223312597307647,2
-0.7974217319869424,0.487892376761765,2
-0.7771658741201172,0.5240474936799024,2
-0.6583221127933625,0.6707677031978279,2
-0.7312390833822899,0.594410654204924,2
-0.5250238280777311,0.7855663387874714,2
-0.2614371765779509,0.9105808738990213,2
-0.6527756048427267,0.6900332819419192,2
-0.6942661847073773,0.6519386038806965,2
-0.7573136907628045,0.5816232225153616,2
-0.8411165894478756,0.4573020507329397,2
-0.7173240975124932,0.6378508195299806,2
-0.6358220312668097,0.7224650042294711,2
-0.7240173152184822,0.6378515789060039,2
-0.7022634023117417,0.6653756515129453,2
-0.3471116940432158,0.9056862662368386,2
-0.3002068694331917,0.9249313684867083,2
-0.5535660008204066,0.8025381649556788,2
-0.5442360510839488,0.811913252459639,2
-0.5018441017311568,0.8416972463161326,2
-0.4242713780481276,0.8861229403882315,2
-0.19358712403811934,0.9657509858496555,2
-0.710817657972138,0.6854433854541774,2
-0.6398579827979489,0.7554019714150382,2
-0.5768471888798952,0.8076300260667716,2
-0.7208175548527842,0.6858732502654765,2
-0.18624874902827387,0.9799516077463527,2
-0.3292227486949826,0.9442522871254908,2
